-- Start povoate databse --
-- Address start (38) --
insert into Address (street, postalCode, city, country) values ('888 Bartillon Hill', 'SN1', 'Swindon', 'United Kingdom');
insert into Address (street, postalCode, city, country) values ('40444 Northwestern Parkway', 'NG22', 'Milton', 'United Kingdom');
insert into Address (street, postalCode, city, country) values ('152 Corry Way', '6817', 'Perth', 'Australia');
insert into Address (street, postalCode, city, country) values ('52 Carberry Point', 'BH21', 'East End', 'United Kingdom');
insert into Address (street, postalCode, city, country) values ('687 Warbler Crossing', 'NG22', 'Milton', 'United Kingdom');
insert into Address (street, postalCode, city, country) values ('13546 Nobel Junction', '5874', 'Adelaide Mail Centre', 'Australia');
insert into Address (street, postalCode, city, country) values ('8727 Nancy Circle', 'DL10', 'Whitwell', 'United Kingdom');
insert into Address (street, postalCode, city, country) values ('3752 Coolidge Place', 'RH5', 'Sutton', 'United Kingdom');
insert into Address (street, postalCode, city, country) values ('623 Sommers Avenue', 'SG4', 'Langley', 'United Kingdom');
insert into Address (street, postalCode, city, country) values ('400 Prairieview Hill', 'N3', 'Church End', 'United Kingdom');
insert into Address (street, postalCode, city, country) values ('91 Brickson Park Alley', 'RH5', 'Sutton', 'United Kingdom');
insert into Address (street, postalCode, city, country) values ('92 Mifflin Park', 'CT15', 'Sutton', 'United Kingdom');
insert into Address (street, postalCode, city, country) values ('1 Forest Run Pass', 'M14', 'Manchester', 'United Kingdom');
insert into Address (street, postalCode, city, country) values ('2530 Bluejay Road', '7808', 'Hobart', 'Australia');
insert into Address (street, postalCode, city, country) values ('72170 Roxbury Crossing', 'B40', 'Birmingham', 'United Kingdom');
insert into Address (street, postalCode, city, country) values ('6948 Scott Street', 'CT15', 'Sutton', 'United Kingdom');
insert into Address (street, postalCode, city, country) values ('85 Redwing Crossing', '1171', 'Sydney', 'Australia');
insert into Address (street, postalCode, city, country) values ('06 Londonderry Terrace', 'BS14', 'Whitchurch', 'United Kingdom');
insert into Address (street, postalCode, city, country) values ('37 Garrison Junction', 'LE15', 'Seaton', 'United Kingdom');
insert into Address (street, postalCode, city, country) values ('78 Pierstorff Avenue', 'DL8', 'Carlton', 'United Kingdom');
insert into Address (street, postalCode, city, country) values ('16461 Menomonie Pass', 'WF9', 'Upton', 'United Kingdom');
insert into Address (street, postalCode, city, country) values ('4 2nd Place', 'GL54', 'Ford', 'United Kingdom');
insert into Address (street, postalCode, city, country) values ('6 Dryden Plaza', '1134', 'Sydney', 'Australia');
insert into Address (street, postalCode, city, country) values ('9 Rieder Parkway', 'SG4', 'Langley', 'United Kingdom');
insert into Address (street, postalCode, city, country) values ('9828 Ramsey Place', 'M34', 'Denton', 'United Kingdom');
insert into Address (street, postalCode, city, country) values ('8155 Burning Wood Trail', 'DN36', 'West End', 'United Kingdom');
insert into Address (street, postalCode, city, country) values ('46 Sutherland Place', 'BS37', 'Horton', 'United Kingdom');
insert into Address (street, postalCode, city, country) values ('4058 Eastlawn Circle', 'BS37', 'Horton', 'United Kingdom');
insert into Address (street, postalCode, city, country) values ('593 Hayes Circle', 'SN1', 'Swindon', 'United Kingdom');
insert into Address (street, postalCode, city, country) values ('4477 Hazelcrest Drive', 'DT10', 'Kingston', 'United Kingdom');
insert into Address (street, postalCode, city, country) values ('1 Warbler Plaza', '8383', 'Melbourne', 'Australia');
insert into Address (street, postalCode, city, country) values ('80289 Kensington Lane', '6843', 'Perth', 'Australia');
insert into Address (street, postalCode, city, country) values ('48329 Garrison Avenue', 'N3', 'Church End', 'United Kingdom');
insert into Address (street, postalCode, city, country) values ('9015 Messerschmidt Point', 'G4', 'Glasgow', 'United Kingdom');
insert into Address (street, postalCode, city, country) values ('5604 Pepper Wood Drive', 'SY4', 'Pentre', 'United Kingdom');
insert into Address (street, postalCode, city, country) values ('14 Westport Lane', '8045', 'Melbourne', 'Australia');
insert into Address (street, postalCode, city, country) values ('214 Northport Avenue', 'RH5', 'Sutton', 'United Kingdom');
insert into Address (street, postalCode, city, country) values ('666 Norway Maple Road', '5874', 'Adelaide Mail Centre', 'Australia');
-- Address end --

-- User start (20) --
insert into users (name, email, phoneNumber, password) values ('lordfarquaad', 'prince@shrek.org', '+92 429 170 4978', '$2y$10$XHyBb/WRoAV4vAhXhIFKM.FGKgm.5Yn4Uz/bFjWYQUOe3H12w.KdC');
insert into users (name, email, phoneNumber, password) values ('lbaw2284', 'lbaw2284@fe.up.pt', '+590 924 446 0548', '$2y$10$XHyBb/WRoAV4vAhXhIFKM.FGKgm.5Yn4Uz/bFjWYQUOe3H12w.KdC');
insert into users (name, email, phoneNumber, password) values ('kliddall0', 'tbamforth0@hubpages.com', '+351 587 845 8283', '$2y$10$XHyBb/WRoAV4vAhXhIFKM.FGKgm.5Yn4Uz/bFjWYQUOe3H12w.KdC');
insert into users (name, email, phoneNumber, password) values ('fdradey1', 'istiller1@fastcompany.com', '+375 436 535 6078', '$2y$10$XHyBb/WRoAV4vAhXhIFKM.FGKgm.5Yn4Uz/bFjWYQUOe3H12w.KdC');
insert into users (name, email, phoneNumber, password) values ('eburnell2', 'ekupec2@nih.gov', '+62 465 866 2365', '$2y$10$XHyBb/WRoAV4vAhXhIFKM.FGKgm.5Yn4Uz/bFjWYQUOe3H12w.KdC');
insert into users (name, email, phoneNumber, password) values ('dadamovicz3', 'ltwaits3@jiathis.com', '+7 180 134 5042', '$2y$10$XHyBb/WRoAV4vAhXhIFKM.FGKgm.5Yn4Uz/bFjWYQUOe3H12w.KdC');
insert into users (name, email, phoneNumber, password) values ('sashdown4', 'rhillatt4@arizona.edu', '+86 489 618 7891', '$2y$10$XHyBb/WRoAV4vAhXhIFKM.FGKgm.5Yn4Uz/bFjWYQUOe3H12w.KdC');
insert into users (name, email, phoneNumber, password) values ('mgatling5', 'icleaves5@dedecms.com', '+63 630 894 9270', '$2y$10$XHyBb/WRoAV4vAhXhIFKM.FGKgm.5Yn4Uz/bFjWYQUOe3H12w.KdC');
insert into users (name, email, phoneNumber, password) values ('kbarsam6', 'oadiscot6@oracle.com', '+353 708 972 1063', '$2y$10$XHyBb/WRoAV4vAhXhIFKM.FGKgm.5Yn4Uz/bFjWYQUOe3H12w.KdC');
insert into users (name, email, phoneNumber, password) values ('bdibdall7', 'glaydon7@paginegialle.it', '+62 506 790 6959', '$2y$10$XHyBb/WRoAV4vAhXhIFKM.FGKgm.5Yn4Uz/bFjWYQUOe3H12w.KdC');
insert into users (name, email, phoneNumber, password) values ('tchaston8', 'ctollerfield8@miitbeian.gov.cn', '+48 976 533 1934', '$2y$10$XHyBb/WRoAV4vAhXhIFKM.FGKgm.5Yn4Uz/bFjWYQUOe3H12w.KdC');
insert into users (name, email, phoneNumber, password) values ('wlandeg9', 'icharlon9@discovery.com', '+86 170 433 0322', '$2y$10$XHyBb/WRoAV4vAhXhIFKM.FGKgm.5Yn4Uz/bFjWYQUOe3H12w.KdC');
insert into users (name, email, phoneNumber, password) values ('lhairyesa', 'anairnsa@qq.com', '+62 169 232 9424', '$2y$10$XHyBb/WRoAV4vAhXhIFKM.FGKgm.5Yn4Uz/bFjWYQUOe3H12w.KdC');
insert into users (name, email, phoneNumber, password) values ('hsiviourb', 'awillb@tiny.cc', '+1 571 866 3243', '$2y$10$XHyBb/WRoAV4vAhXhIFKM.FGKgm.5Yn4Uz/bFjWYQUOe3H12w.KdC');
insert into users (name, email, phoneNumber, password) values ('omoranc', 'pellinsc@gnu.org', '+62 501 583 3578', '$2y$10$XHyBb/WRoAV4vAhXhIFKM.FGKgm.5Yn4Uz/bFjWYQUOe3H12w.KdC');
insert into users (name, email, phoneNumber, password) values ('alezemered', 'estanselld@bbc.co.uk', '+86 601 309 1186', '$2yy$10$XHyBb/WRoAV4vAhXhIFKM.FGKgm.5Yn4Uz/bFjWYQUOe3H12w.KdC');
insert into users (name, email, phoneNumber, password) values ('tdealtrye', 'smeddowse@home.pl', '+380 910 659 0690', '$2y$10$XHyBb/WRoAV4vAhXhIFKM.FGKgm.5Yn4Uz/bFjWYQUOe3H12w.KdC');
insert into users (name, email, phoneNumber, password) values ('laxcelf', 'tbonerf@tiny.cc', '+86 870 414 8950', '$2y$10$XHyBb/WRoAV4vAhXhIFKM.FGKgm.5Yn4Uz/bFjWYQUOe3H12w.KdC');
insert into users (name, email, phoneNumber, password) values ('sleavoldg', 'cwoodwing@de.vu', '+48 276 614 4092', '$2y$10$XHyBb/WRoAV4vAhXhIFKM.FGKgm.5Yn4Uz/bFjWYQUOe3H12w.KdC');
insert into users (name, email, phoneNumber, password) values ('ckestevenh', 'lwonforh@altervista.org', '+55 856 486 1850', '$2y$10$XHyBb/WRoAV4vAhXhIFKM.FGKgm.5Yn4Uz/bFjWYQUOe3H12w.KdC');
--user end

--authentificated user start (19) --
insert into AuthenticatedUser (id) values (2);
insert into AuthenticatedUser (id) values (3);
insert into AuthenticatedUser (id) values (4);
insert into AuthenticatedUser (id) values (5);
insert into AuthenticatedUser (id) values (6);
insert into AuthenticatedUser (id) values (7);
insert into AuthenticatedUser (id) values (8);
insert into AuthenticatedUser (id) values (9);
insert into AuthenticatedUser (id) values (10);
insert into AuthenticatedUser (id) values (11);
insert into AuthenticatedUser (id) values (12);
insert into AuthenticatedUser (id) values (13);
insert into AuthenticatedUser (id) values (14);
insert into AuthenticatedUser (id) values (15);
insert into AuthenticatedUser (id) values (16);
insert into AuthenticatedUser (id) values (17);
insert into AuthenticatedUser (id) values (18);
insert into AuthenticatedUser (id) values (19);
insert into AuthenticatedUser (id) values (20);
--authentificated user end

-- admin start (1) --
insert into Administrator (id) values (1);
-- admin end --

-- product start (40) --
insert into Product (prodName, price, prodDescription, launchDate, stock, categoryName) values ('Smartphone Samsung Galaxy M23 5G 6.6" 4GB/128GB Dual SIM Azul', '199.90', 'O poder da próxima geração de dados móveis, desde jogos e streaming super fluído, a uploads e downloads super rápidos. Desfrute do processador Octa-core Snapdragon 750G com uma RAM de 4GB, para uma performance mais eficiente. A RAM Plus analisa os seus padrões de utilização e proporciona-lhe RAM virtual extra para não lhe falte fluidez na execução de qualquer tarefaExpanda a sua visão com uma ecrã de 6.6” com tecnologia Full HD+ e uma taxa de atualização de 120Hz para um scroll super fluido.', '2019-11-14', 200, 'Smartphones');
insert into Product (prodName, price, prodDescription, launchDate, stock, categoryName) values ('Smartphone Xiaomi Poco M4 Pro 6.43" 8GB/256GB Dual SIM Power Black', '259.90 ', 'Carga Rápida 33W Pro. O primeiro smartphone POCO da série M com Carga Rápida 33W Pro. A bateria pode ser carregada a 100% em 59 minutos. Graças à bateria de 5000 mAh de alta capacidade, o telefone consome energia lentamente e carrega rapidamente.O ecrã apresenta uma taxa de atualização variável adequada para várias aplicações. É feito de materiais premium e oferece altas taxas de atualização (90 Hz).', '2021-06-18', 200, 'Smartphones');
insert into Product (prodName, price, prodDescription, launchDate, stock, categoryName) values ('Smartphone Apple iPhone 14 Plus 6.7" 128GB', '1189.00', 'iPhone 14 Plus. Pense em grande com um ecrã maior de 6.7 polegadas1 e bateria para todo o dia2. Tire fotografias espetaculares com muita ou pouca luz com o novo sistema de câmara dupla. A nova funcionalidade Deteção de acidente3 pede ajuda por si sempre que não o conseguir fazer.', '2021-07-03', 200, 'Smartphones');
insert into Product (prodName, price, prodDescription, launchDate, stock, categoryName) values ('Smartphone Samsung Galaxy S22 Ultra 5G 6.8" 8GB/128GB Dual SIM Burgundy', '1149.90', 'Não existe um único smartphone que seja perfeito para todos os clientes Por isso, a Samsung criou um Galaxy S22 para cada tipo de cliente. O Galaxy S22 Ultra herda o legado da família Note, integrando a S Pen e mantendo a essência da série Ultra. Os Galaxy S22 | S22+ oferecem uma experiência de câmara completamente renovada e inovadora mantendo uma performance de ponta e um design exclusivo.', '2021-06-18', 200, 'Smartphones');
insert into Product (prodName, price, prodDescription, launchDate, stock, categoryName) values ('Computador Desktop Lenovo Legion T5 26AMR5-205', '1899.90', 'A potência selvagem alia-se à velocidade sem paralelo com o Legion Tower 5 (AMD). Com um desempenho arrebatador, conta com potentes processadores de desktop AMD Ryzen™ e uma placa gráfica NVIDIA® GeForce® de topo para desfrutar de velocidades de fotogramas ultrarrápidas com uma resolução superior a 4K. Superando em muito os limites das plataformas mais pequenas, mantém tudo ultra-arrefecido e silencioso. Globalmente, é uma verdadeira maravilha da construção, do design e da potência de fogo.', '2020-06-01', 200, 'Desktops');
insert into Product (prodName, price, prodDescription, launchDate, stock, categoryName) values ('Computador Desktop MSI MAG Codex 5 12TC-1478ES', '949.90', 'O computador MSI MAG Codex 5 12TC-1478ES foi projetado para gamers, possui processador Intel® Core™ i5-12400F e placa gráfica NVIDIA GeForce RTX, proporcionando a melhor experiência gaming. A solução térmica exclusiva com a melhor refrigeração, oferece o melhor desempenho, enquanto que a iluminação RGB e uma janela lateral com vidro temperado mostram o seu estilo. A série MSI MAG vai levar os gamers a quebrar barreiras.', '2021-11-10', 200, 'Desktops');
insert into Product (prodName, price, prodDescription, launchDate, stock, categoryName) values ('Computador Victus by HP 15L Gaming Desktop TG02-0026np', '899.90', 'Um PC de trabalho. Uma máquina de entretenimento e gaming. Apresentamos o PC Desktop de Gaming Victus by HP 15L, uma máquina capaz de fazer tudo. Joga a sério com um potente processador AMD e gráfica impressionante.', '2021-08-05', 200, 'Desktops');
insert into Product (prodName, price, prodDescription, launchDate, stock, categoryName) values ('Computador All-in-One HP 24-cb0007np', '449.90', 'O PC All-in-One HP combina a potência de um desktop com a beleza de um monitor moderno. Equipado com um processador AMD, um ecrã Full HD de moldura fina em três lados e dois altifalantes, este PC proporciona-lhe uma experiência cinematográfica fabulosa. Este PC All-in-One é constituído por materiais sustentáveis e foi concebido de forma engenhosa com portas devidamente localizadas para manter o seu espaço de trabalho organizado.', '2020-07-31', 200, 'Desktops');
insert into Product (prodName, price, prodDescription, launchDate, stock, categoryName) values ('Apple MacBook Pro 2021 16.2" | M1 Pro CPU 10‑core, GPU 16‑core | SSD 1TB | 16GB RAM', '2999.00', 'Chegou o MacBook Pro mais poderoso de sempre. Tem um gigantesco desempenho e autonomia graças aos processadores ultrarrápidos M1 Pro ou M1 Max, os primeiros concebidos pela Apple a pensar nos profissionais. Depois, conta ainda com um incrível ecrã Liquid Retina XDR e a melhor câmara e som de um portátil Mac, além de todas as portas de que precisa. Este MacBook Pro é verdadeiramente revolucionário e é um colosso.', '2019-10-20', 200, 'Laptops');
insert into Product (prodName, price, prodDescription, launchDate, stock, categoryName) values ('Portátil Lenovo V15 G2 ITL 15.6"', '379.90', 'Pense no Lenovo V15 de 15,6" (39,62 cm) como um gestor de escritório que executa as suas tarefas quotidianas com a máxima eficiência que manterá a produtividade e a segurança dos dados do seu negócio, enquanto o design mais fino e mais compacto, e as molduras laterais mais finas, conferem um aspeto elegante e minimalista ao seu ambiente de trabalho ou onde quer que vá.', '2020-03-08', 200, 'Laptops');
insert into Product (prodName, price, prodDescription, launchDate, stock, categoryName) values ('Portátil MSI 15.6" GF63 Thin 11UC-646XPT', '699.90', 'Equipado com um potente processador Intel® Core™ de 11ª geração, com ganhos de desempenho de até 40% em relação à geração anterior. Obtenha maior potência com este processador, para maximizar a eficiência na jogabilidade, no trabalho multitarefa e na produtividade.', '2021-09-12', 200, 'Laptops');
insert into Product (prodName, price, prodDescription, launchDate, stock, categoryName) values ('Apple MacBook Air 2020 13.3" | M1 CPU 8‑core, GPU 7‑core | SSD 256GB | 8GB RAM', '1189.00', 'A potência do processador M1 da Apple revoluciona por completo o portátil mais fino e leve da Apple. Velocidades da CPU até 3,5 vezes mais rápidas. Velocidades da GPU até 5 vezes mais rápidas. O Neural Engine mais avançado de sempre, para aprendizagem automática até 9 vezes mais rápida. A maior autonomia de sempre num MacBook Air. E um design silencioso, sem ventoinha. Nunca se viu tanta potência junta e tão portátil.', '2021-08-01', 200, 'Laptops');
insert into Product (prodName, price, prodDescription, launchDate, stock, categoryName) values ('Televisão Samsung AU9005 SmartTV 75" LED 4K UHD', '799.90', 'Mergulhe na imagem e nos seus bilhões de tons de cores. O Dynamic Crystal Display cria variações de cores realistas para que possa ver todas as tonalidades.A poderosa tecnologia de escala 4K garante que aproveita tudo o que assiste com qualidade de imagem 4K. Além disso, a tecnologia avançada de Mapeamento de Cores torna as cores mais realistas.', '2022-11-21', 200, 'TVs');
insert into Product (prodName, price, prodDescription, launchDate, stock, categoryName) values ('Televisão LG Série NANO76 SmartTV 55" NanoCell 4K UHD', '499.90', 'Embarque numa nova experiência de cor graças à pureza das TVs NanoCell da LG, com resolução 4K Real.A tecnologia NanoCell da LG usa nanopartículas para filtrar as cores impuras dos comprimentos de onda RGB.', '2022-02-26', 200, 'TVs');
insert into Product (prodName, price, prodDescription, launchDate, stock, categoryName) values ('Televisão Xiaomi TV A2 SmartTV 50" LED 4K UHD Android TV', '399.90', 'O design único da Smart TV A2 oferece uma moldura extremamente fina e uma excelente relação entre a qualidade de ecrã e a visão, muito acima dos padrões que estamos habituados. Vais ser surpreendido a partir do momento em que ligas a tua TV, imagens de alta resolução e cores impressionantes vão cobrir o teu ecrã para que tenhas uma experiência imersiva. Com um design requintado e uma estrutura metálica unibody, a tua Xiaomi TV A2 Series vai realçar-se em tua casa.', '2022-08-30', 200, 'TVs');
insert into Product (prodName, price, prodDescription, launchDate, stock, categoryName) values ('Televisão TCL P735 SmartTV 85" LED 4K UHD Google TV', '1099.90', 'A Alta Gama Dinâmica (HDR), o mais recente padrão para conteúdos UHD, proporciona uma experiência superior com brilho impressionante, detalhes de sombra excepcionais e cores vivas. Sente-se quieto e desfrute de detalhes de imagem incríveis, tal como os realizadores do filme pretendiam.', '2020-04-28', 200, 'TVs');
insert into Product (prodName, price, prodDescription, launchDate, stock, categoryName) values ('Smartphone Apple iPhone 14 Pro Max 6.7" 256GB Roxo Escuro', '1629.00', 'iPhone14 Pro Max. Fotografe detalhes incríveis com a câmara principal de 48MP. A Dynamic Island e o ecrã Sempre ligado reinventam a forma de usar o iPhone. A nova funcionalidade Deteção de acidente1 pede ajuda por si sempre que não o conseguir fazer.', '2022-04-03', 200, 'Smartphones');
insert into Product (prodName, price, prodDescription, launchDate, stock, categoryName) values ('Smartphone Nothing Phone (1) 6.55" 8GB/128GB Dual SIM Preto', '399.90', 'O smartphone Nothing phone (1) é o novo gamechanger. Usando materiais elegantes e de origem responsável e muitos recursos avançados, o phone (1) não é nada além do melhor. Não mais do mesmo já visto noutros smartphones. O phone (1) é feito com pura intenção e paixão.', '2022-02-11', 200, 'Smartphones');
insert into Product (prodName, price, prodDescription, launchDate, stock, categoryName) values ('Smartphone Motorola Moto G22 6.5" 4GB/128GB Dual SIM Preto', '149.90', 'Faça magia visual com o sistema de quatro câmaras de 50 MP. Disparos em baixa luminosidade, primeiros planos detalhados, retratos artísticos e ultragrande angulares - pode tentar tudo.', '2021-02-13', 200, 'Smartphones');
insert into Product (prodName, price, prodDescription, launchDate, stock, categoryName) values ('Smartphone Samsung Galaxy Z Flip 4 6.7" 8GB/128GB Dual SIM Light Blue', '999.90', 'O Galaxy Z Flip 4 é a 4 ª geração de dobráveis da Samsung. Um dispositivo com um design único que não passará despercebido, e que, graças ao seu exclusivo formato dobrável, oferece um novo mundo de possibilidades e funcionalidades que mudarão para sempre a forma como utiliza as apps, tira fotografias e faz vídeos. Dê o salto hoje para o smartphone que sempre sonhou ter.', '2022-04-30', 200, 'Smartphones');
insert into Product (prodName, price, prodDescription, launchDate, stock, categoryName) values ('Smartphone Samsung Galaxy S22 5G 6.1" 8GB/256GB Dual SIM Branco', '799.90', 'Não existe um único smartphone que seja perfeito para todos os clientes Por isso, a Samsung criou um Galaxy S22 para cada tipo de cliente. O Galaxy S22 Ultra herda o legado da família Note, integrando a S Pen e mantendo a essência da série Ultra. Os Galaxy S22 | S22+ oferecem uma experiência de câmara completamente renovada e inovadora mantendo uma performance de ponta e um design exclusivo.', '2021-12-31', 200, 'Smartphones');
insert into Product (prodName, price, prodDescription, launchDate, stock, categoryName) values ('Computador All-In-One Lenovo IdeaCentre AIO 3 27ALC-981', '699.90', 'O IdeaCentre AIO 3 (27") alia a engenharia elegante ao desempenho de excelência. Com um elegante suporte e ecrã de 27" praticamente sem margens, oferece um desempenho de sonho com processador AMD Ryzen™ e memória DDR4 totalmente integrada. E também poupa espaço.', '2020-10-08', 200, 'Desktops');
insert into Product (prodName, price, prodDescription, launchDate, stock, categoryName) values ('Computador Desktop Lenovo IdeaCentre 3 07ADA5-457', '249.90', 'O desktop IdeaCentre 3 (AMD) é uma torre compacta, concebida com um elegante chassis em Cinzento Mineral que cabe e se enquadra na perfeição em qualquer espaço da sua casa. Conta com o excelente desempenho dos processadores AMD e da placa gráfica integrada, bem como com uma grande capacidade de memória, armazenamento e portas para as suas necessidades informáticas do dia a dia.', '2022-07-02', 200, 'Desktops');
insert into Product (prodName, price, prodDescription, launchDate, stock, categoryName) values ('Apple iMac 24" (2021) | M1 CPU 8‑core, GPU 8-core | SSD 512GB | 8GB RAM | Prateado', '1799.00', 'Inspirado no que a Apple tem de melhor e agora com toda a potência do processador M1. Destaca‑se de tudo à sua volta onde quer que o coloque e adapta‑se na perfeição ao seu estilo de vida. O M1 integra o processador, a placa gráfica, a memória e muito mais. De perfil, o computador é tão estreito que quase não se vê. E de frente, não vai conseguir desviar o olhar.', '2021-11-03', 200, 'Desktops');
insert into Product (prodName, price, prodDescription, launchDate, stock, categoryName) values ('MICROSOFT Surface Pro X (14.4" - Intel Core i7-11370H - RAM: 32 GB - 2 TB SSD - NVIDIA GeForce RTX 3050 Ti)', '3249.00', 'Surface Pro X: Até 15 horas de duração da bateria para utilização normal do dispositivo Surface. Testes efetuados pela Microsoft em agosto de 2021 com software de pré-produção e dispositivos de pré-produção Surface Pro X com Microsoft SQ® 1 e Surface Pro X com Microsoft SQ® 2, 256 GB, 8 GB de RAM. Os testes envolveram a descarga completa da bateria com uma mistura de utilização ativa e modo de espera moderno.', '2021-10-17', 200, 'Laptops');
insert into Product (prodName, price, prodDescription, launchDate, stock, categoryName) values ('MICROSOFT Surface Book 3 (15" - Intel Core i7-1065G7 - RAM: 16 GB - 256 GB SSD - NVIDIA GeForce GTX 1660 Ti)', '2649.00', 'O portátil Surface Book 3 é ideal para as tarefas mais exigentes, mais potente de sempre combina velocidade, gráficos e uma experiência de jogo imersiva com toda a versatilidade de um portátil, de um tablet e de um estúdio portátil.Quando a inspiração bate à porta, o Surface Book 3 permite-lhe trabalhar de uma forma fácil, com um ecrã tátil amovível que se transforma num tablet. Maximize a produtividade com o teclado de tamanho integral.', '2021-12-18', 200, 'Laptops');
insert into Product (prodName, price, prodDescription, launchDate, stock, categoryName) values ('Processador Intel Core i5-12400F 6-Core 2.5GHz c/ Turbo 4.4GHz 18MB Skt1700', '216.90', 'Os processadores para desktop Intel® Core™ da 12ª Geração oferecem uma nova arquitetura híbrida de desempenho, combinando núcleos de desempenho com núcleos eficientes para aprimorar jogos, produtividade e criação. Num avanço arrojado no desempenho do núcleo, os processadores para desktop Intel® Core™ da 12ª Geração oferecem uma abordagem revolucionária da arquitetura x86.', '2021-05-23', 200, 'Components');
insert into Product (prodName, price, prodDescription, launchDate, stock, categoryName) values ('Processador AMD Ryzen Threadripper PRO 5995WX 64-Core 2.7GHz c/ Turbo 4.5GHz 288MB SktsWRX8', '7899.90', 'A arquitetura “Zen 3” pode extrair uma média de 19% de desempenho adicional de cada MHz de frequência em relação à geração anterior. Esta é uma melhoria geracional historicamente grande no IPC e um jogador importante na capacidade da arquitetura de fornecer desempenho de núcleo único incomparável.', '2022-07-12', 200, 'Components');
insert into Product (prodName, price, prodDescription, launchDate, stock, categoryName) values ('Processador Intel Core i9-13900K 24-Core 2.2GHz c/ Turbo 5.8GHz 36MB Skt1700', '759.90', 'Com um aumento na contagem de núcleos, estes processadores continuam a utilizar a arquitetura híbrida de desempenho Intel para otimizar os seus jogos, criação de conteúdo e produtividade. Aproveite a largura de banda líder do setor de até 16 vias PCIe 5.0 e memória DDR5 de até 5600 MT/s. Turbine o desempenho do seu CPU com um poderoso conjunto de ferramentas de ajuste e overclocking. Desfrute das suas experiências favoritas em até 4 monitores 4K60 simultâneos.', '2022-12-24', 200, 'Components');
insert into Product (prodName, price, prodDescription, launchDate, stock, categoryName) values ('Processador AMD Ryzen 9 7950X 16-Core 4.5GHz c/ Turbo 5.7GHz 81MB SktAM5', '709.90', 'Estejas renderizar em 3D uma cena com alto número de polígonos, exportando arquivos de vídeo massivos ou a visualizar um sonho arquitetónico, os processadores AMD Ryzen™ Série 7000 são construídos para vencer o relógio. Com conectividade que economiza tempo, como suporte de armazenamento PCIe® 5.0, tecnologia AMD EXPO™, muitas threads de processamento e aceleradores de vídeo dedicados, eleva a tua experiência com os processadores AMD Ryzen Série 7000.', '2022-03-06', 200, 'Components');
insert into Product (prodName, price, prodDescription, launchDate, stock, categoryName) values ('Placa Gráfica Asus GeForce RTX 4090 ROG Strix OC 24GB GDDR6X', '2521.90', 'NVIDIA® GeForce RTX® 4090 é o derradeiro GPU GeForce. Traz um enorme salto em desempenho, eficiência e gráficos com inteligência artificial. Usufrui de jogos de alto desempenho, mundos virtuais incrivelmente detalhados, produtividade sem precedentes e novas maneiras de criar. É alimentado pela arquitetura NVIDIA Ada Lovelace e vem com 24 GB de memória G6X para oferecer a melhor experiência para jogadores e criadores.', '2022-03-02', 200, 'Components');
insert into Product (prodName, price, prodDescription, launchDate, stock, categoryName) values ('Memória RAM Corsair Vengeance RGB Pro 16GB (2x8GB) DDR4-3600MHz CL18 Preta', '69.90', 'As memórias DDR4 VENGEANCE RGB PRO Series com overclocking iluminam o seu PC com luzes RGB dinâmicas multizona enquanto oferece o melhor desempenho.', '2021-08-11', 200, 'Components');
insert into Product (prodName, price, prodDescription, launchDate, stock, categoryName) values ('Televisão LG Série C2 SmartTV 55" OLED evo 4K UHD', '1179.90', 'Maximizámos a beleza e a vivacidade dos píxeis autoiluminados LG OLED. A funcionalidade Brightness Booster eleva as capacidades do processador a9 Gen 5 AI a um novo patamar, proporcionando níveis de brilho superiores em 20%. Agora, as imagens tornam-se ainda mais poderosas, graças a uma maior eficiência e controlo da luz.', '2022-11-09', 200, 'TVs');
insert into Product (prodName, price, prodDescription, launchDate, stock, categoryName) values ('Televisão Samsung QN900B SmartTV 75" Neo QLED 8K UHD', '5999.90', 'A evolução da Neo QLED conta com a Tecnologia Quantum Matrix, que controla de forma precisa cada um dos nossos novos e exclusivos Quantum Mini LEDs. Com um controlo de luz minuncioso, pode desfrutar de grandes detalhes tanto em cenas escuras como claras.', '2022-12-17', 200, 'TVs');
insert into Product (prodName, price, prodDescription, launchDate, stock, categoryName) values ('Frigorífico Americano Samsung RS68A8821S9 634 Litros E Inox', '1049.99', 'Frigorífico americano RS68A8821S9/EF da Samsung utiliza dois fluxos de ar independentes e um controlo de temperatura de grande precisão para garantir os níveis de humidade ideais em todas as zonas do frigorífico.Este frigorífico americano vem com dispensador minimalista e ecrã oculto, que complementam o design moderno da parte frontal. O dispensador está harmoniosamente integrado na porta para que consigas facilmente água fresca ou gelo.', '2021-10-03', 200, 'Other');
insert into Product (prodName, price, prodDescription, launchDate, stock, categoryName) values ('Frigorífico Combinado Samsung RL4363FBASL 432 Litros F Inox', '879.90', 'Conserve os seus alimentos e, ao mesmo tempo, o ambiente. As tecnologias eficientes, como o Compressor Digital Inverter ou a iluminação LED, ajudam a preservar energia, a reduzir a emissão de gases com efeito estufa e a diminuir a despesa de eletricidade', '2022-05-09', 200, 'Other');
insert into Product (prodName, price, prodDescription, launchDate, stock, categoryName) values ('Aspirador Robô Ecovacs Deebot X1 OMNI 5000Pa Preto', '1699.00', 'O DEEBOT X1 OMNI proporciona-lhe uma experiência totalmente livre de mãos com a primeira estação OMNI All-in-One da indústria.', '2021-11-14', 200, 'Other');
insert into Product (prodName, price, prodDescription, launchDate, stock, categoryName) values ('Máquina de Café Automática DeLonghi PrimaDonna Elite Experience ECAM650.85.MS 1450W 19 Bar', '1479.90', 'Eleve a preparação de café a um novo patamar com a PrimaDonna Elite Experience. O acabamento elegante em aço inoxidável e o ecrã tátil vibrante chamará primeiro a sua atenção, seguindo-se as suas funcionalidades inovadoras. Ligue-se via Bluetooth à App Coffee Link para criar e personalizar novas receitas. Escolha entre uma grande variedade de bebidas para desfrutar do seu café favorito em casa.', '2022-09-01', 200, 'Other');
insert into Product (prodName, price, prodDescription, launchDate, stock, categoryName) values ('Impressora Multifunções Epson EcoTank ET-16600', '1199.00', 'Esta impressora EcoTank com várias funcionalidades facilita as tarefas em formato A3+ e oferece um custo por página reduzido. Os trabalhos em formato A3+ podem ser realizados rapidamente graças às velocidades de impressão e digitalização rápidas, dois tabuleiros de papel com alimentação frontal com capacidade para 250 folhas, alimentação posterior de 50 folhas e ADF de 50 folhas A3. Imprima como quiser com a impressão móvel, Ethernet e um ecrã tátil LCD de 10,9 cm com teclas.', '2021-09-08', 200, 'Other');
insert into Product (prodName, price, prodDescription, launchDate, stock, categoryName) values ('Impressora Monocromática HP LaserJet Tank 2504dw Wireless', '329.99', 'Obtenha o menor custo de operação com toner pré-carregado que permite imprimir até 5000 páginas e poupe com o Kit de Recarga de Toner HP.', '2022-11-06', 200, 'Other');insert into Product (prodName, price, prodDescription, launchDate, stock, categoryName) values ('ElFlores Gaming Desktop Special Edition', '2018.57', 'in felis eu sapien cursus vestibulum proin eu mi nulla ac enim in tempor turpis nec euismod scelerisque quam turpis adipiscing lorem vitae mattis nibh ligula nec sem duis aliquam convallis nunc proin', '2021-05-04', 200, 'Desktops');
-- Product end --

-- prodImage start (92) --
INSERT INTO ProductImages (idProduct, imgPath) VALUES (1, '/img/1a.png');
INSERT INTO ProductImages (idProduct, imgPath) VALUES (1, '/img/1b.png');
INSERT INTO ProductImages (idProduct, imgPath) VALUES (1, '/img/1c.png');
INSERT INTO ProductImages (idProduct, imgPath) VALUES (2, '/img/2a.png');
INSERT INTO ProductImages (idProduct, imgPath) VALUES (3, '/img/3a.png');
INSERT INTO ProductImages (idProduct, imgPath) VALUES (3, '/img/3b.png');
INSERT INTO ProductImages (idProduct, imgPath) VALUES (4, '/img/4a.png');
INSERT INTO ProductImages (idProduct, imgPath) VALUES (4, '/img/4b.png');
INSERT INTO ProductImages (idProduct, imgPath) VALUES (4, '/img/4c.png');
INSERT INTO ProductImages (idProduct, imgPath) VALUES (5, '/img/5a.png');
INSERT INTO ProductImages (idProduct, imgPath) VALUES (5, '/img/5b.png');
INSERT INTO ProductImages (idProduct, imgPath) VALUES (5, '/img/5c.png');
INSERT INTO ProductImages (idProduct, imgPath) VALUES (6, '/img/6a.png');
INSERT INTO ProductImages (idProduct, imgPath) VALUES (6, '/img/6b.png');
INSERT INTO ProductImages (idProduct, imgPath) VALUES (6, '/img/6c.png');
INSERT INTO ProductImages (idProduct, imgPath) VALUES (7, '/img/7a.png');
INSERT INTO ProductImages (idProduct, imgPath) VALUES (7, '/img/7b.png');
INSERT INTO ProductImages (idProduct, imgPath) VALUES (8, '/img/8a.png');
INSERT INTO ProductImages (idProduct, imgPath) VALUES (8, '/img/8b.png');
INSERT INTO ProductImages (idProduct, imgPath) VALUES (8, '/img/8c.png');
INSERT INTO ProductImages (idProduct, imgPath) VALUES (8, '/img/8d.png');
INSERT INTO ProductImages (idProduct, imgPath) VALUES (9, '/img/9a.png');
INSERT INTO ProductImages (idProduct, imgPath) VALUES (9, '/img/9b.png');
INSERT INTO ProductImages (idProduct, imgPath) VALUES (9, '/img/9c.png');
INSERT INTO ProductImages (idProduct, imgPath) VALUES (10, '/img/10a.png');
INSERT INTO ProductImages (idProduct, imgPath) VALUES (10, '/img/10b.png');
INSERT INTO ProductImages (idProduct, imgPath) VALUES (11, '/img/11a.png');
INSERT INTO ProductImages (idProduct, imgPath) VALUES (11, '/img/11b.png');
INSERT INTO ProductImages (idProduct, imgPath) VALUES (12, '/img/12a.png');
INSERT INTO ProductImages (idProduct, imgPath) VALUES (12, '/img/12b.png');
INSERT INTO ProductImages (idProduct, imgPath) VALUES (12, '/img/12c.png');
INSERT INTO ProductImages (idProduct, imgPath) VALUES (13, '/img/13a.png');
INSERT INTO ProductImages (idProduct, imgPath) VALUES (13, '/img/13b.png');
INSERT INTO ProductImages (idProduct, imgPath) VALUES (13, '/img/13c.png');
INSERT INTO ProductImages (idProduct, imgPath) VALUES (14, '/img/14a.png');
INSERT INTO ProductImages (idProduct, imgPath) VALUES (14, '/img/14b.png');
INSERT INTO ProductImages (idProduct, imgPath) VALUES (14, '/img/14c.png');
INSERT INTO ProductImages (idProduct, imgPath) VALUES (14, '/img/14d.png');
INSERT INTO ProductImages (idProduct, imgPath) VALUES (15, '/img/15a.png');
INSERT INTO ProductImages (idProduct, imgPath) VALUES (15, '/img/15b.png');
INSERT INTO ProductImages (idProduct, imgPath) VALUES (16, '/img/16a.png');
INSERT INTO ProductImages (idProduct, imgPath) VALUES (16, '/img/16b.png');
INSERT INTO ProductImages (idProduct, imgPath) VALUES (17, '/img/17a.png');
INSERT INTO ProductImages (idProduct, imgPath) VALUES (17, '/img/17b.png');
INSERT INTO ProductImages (idProduct, imgPath) VALUES (18, '/img/18a.png');
INSERT INTO ProductImages (idProduct, imgPath) VALUES (18, '/img/18b.png');
INSERT INTO ProductImages (idProduct, imgPath) VALUES (19, '/img/19a.png');
INSERT INTO ProductImages (idProduct, imgPath) VALUES (19, '/img/19b.png');
INSERT INTO ProductImages (idProduct, imgPath) VALUES (20, '/img/20a.png');
INSERT INTO ProductImages (idProduct, imgPath) VALUES (20, '/img/20b.png');
INSERT INTO ProductImages (idProduct, imgPath) VALUES (20, '/img/20c.png');
INSERT INTO ProductImages (idProduct, imgPath) VALUES (21, '/img/21a.png');
INSERT INTO ProductImages (idProduct, imgPath) VALUES (21, '/img/21b.png');
INSERT INTO ProductImages (idProduct, imgPath) VALUES (22, '/img/22a.png');
INSERT INTO ProductImages (idProduct, imgPath) VALUES (22, '/img/22b.png');
INSERT INTO ProductImages (idProduct, imgPath) VALUES (22, '/img/22c.png');
INSERT INTO ProductImages (idProduct, imgPath) VALUES (23, '/img/23a.png');
INSERT INTO ProductImages (idProduct, imgPath) VALUES (23, '/img/23b.png');
INSERT INTO ProductImages (idProduct, imgPath) VALUES (24, '/img/24a.png');
INSERT INTO ProductImages (idProduct, imgPath) VALUES (24, '/img/24b.png');
INSERT INTO ProductImages (idProduct, imgPath) VALUES (25, '/img/25a.png');
INSERT INTO ProductImages (idProduct, imgPath) VALUES (25, '/img/25b.png');
INSERT INTO ProductImages (idProduct, imgPath) VALUES (26, '/img/26a.png');
INSERT INTO ProductImages (idProduct, imgPath) VALUES (26, '/img/26b.png');
INSERT INTO ProductImages (idProduct, imgPath) VALUES (26, '/img/26c.png');
INSERT INTO ProductImages (idProduct, imgPath) VALUES (27, '/img/27a.png');
INSERT INTO ProductImages (idProduct, imgPath) VALUES (28, '/img/28a.png');
INSERT INTO ProductImages (idProduct, imgPath) VALUES (28, '/img/28b.png');
INSERT INTO ProductImages (idProduct, imgPath) VALUES (29, '/img/29a.png');
INSERT INTO ProductImages (idProduct, imgPath) VALUES (30, '/img/30a.png');
INSERT INTO ProductImages (idProduct, imgPath) VALUES (31, '/img/31a.png');
INSERT INTO ProductImages (idProduct, imgPath) VALUES (31, '/img/31b.png');
INSERT INTO ProductImages (idProduct, imgPath) VALUES (31, '/img/31c.png');
INSERT INTO ProductImages (idProduct, imgPath) VALUES (32, '/img/32a.png');
INSERT INTO ProductImages (idProduct, imgPath) VALUES (32, '/img/32b.png');
INSERT INTO ProductImages (idProduct, imgPath) VALUES (33, '/img/33a.png');
INSERT INTO ProductImages (idProduct, imgPath) VALUES (33, '/img/33b.png');
INSERT INTO ProductImages (idProduct, imgPath) VALUES (33, '/img/33c.png');
INSERT INTO ProductImages (idProduct, imgPath) VALUES (34, '/img/34a.png');
INSERT INTO ProductImages (idProduct, imgPath) VALUES (34, '/img/34b.png');
INSERT INTO ProductImages (idProduct, imgPath) VALUES (35, '/img/35a.png');
INSERT INTO ProductImages (idProduct, imgPath) VALUES (35, '/img/35b.png');
INSERT INTO ProductImages (idProduct, imgPath) VALUES (36, '/img/36a.png');
INSERT INTO ProductImages (idProduct, imgPath) VALUES (36, '/img/36b.png');
INSERT INTO ProductImages (idProduct, imgPath) VALUES (37, '/img/37a.png');
INSERT INTO ProductImages (idProduct, imgPath) VALUES (37, '/img/37b.png');
INSERT INTO ProductImages (idProduct, imgPath) VALUES (37, '/img/37c.png');
INSERT INTO ProductImages (idProduct, imgPath) VALUES (38, '/img/38a.png');
INSERT INTO ProductImages (idProduct, imgPath) VALUES (38, '/img/38b.png');
INSERT INTO ProductImages (idProduct, imgPath) VALUES (39, '/img/39a.png');
INSERT INTO ProductImages (idProduct, imgPath) VALUES (40, '/img/40a.png');
INSERT INTO ProductImages (idProduct, imgPath) VALUES (40, '/img/40b.png');
-- prodImage end --

-- AuthUserAddress start (38) --
INSERT INTO AuthUserAddress (idusers, idAddress) VALUES (2, 1);
INSERT INTO AuthUserAddress (idusers, idAddress) VALUES (2, 2);
INSERT INTO AuthUserAddress (idusers, idAddress) VALUES (3, 3);
INSERT INTO AuthUserAddress (idusers, idAddress) VALUES (3, 4);
INSERT INTO AuthUserAddress (idusers, idAddress) VALUES (4, 5);
INSERT INTO AuthUserAddress (idusers, idAddress) VALUES (4, 6);
INSERT INTO AuthUserAddress (idusers, idAddress) VALUES (5, 7);
INSERT INTO AuthUserAddress (idusers, idAddress) VALUES (5, 8);
INSERT INTO AuthUserAddress (idusers, idAddress) VALUES (6, 9);
INSERT INTO AuthUserAddress (idusers, idAddress) VALUES (6, 10);
INSERT INTO AuthUserAddress (idusers, idAddress) VALUES (7, 11);
INSERT INTO AuthUserAddress (idusers, idAddress) VALUES (7, 12);
INSERT INTO AuthUserAddress (idusers, idAddress) VALUES (8, 13);
INSERT INTO AuthUserAddress (idusers, idAddress) VALUES (8, 14);
INSERT INTO AuthUserAddress (idusers, idAddress) VALUES (9, 15);
INSERT INTO AuthUserAddress (idusers, idAddress) VALUES (9, 16);
INSERT INTO AuthUserAddress (idusers, idAddress) VALUES (10, 17);
INSERT INTO AuthUserAddress (idusers, idAddress) VALUES (10, 18);
INSERT INTO AuthUserAddress (idusers, idAddress) VALUES (11, 19);
INSERT INTO AuthUserAddress (idusers, idAddress) VALUES (11, 20);
INSERT INTO AuthUserAddress (idusers, idAddress) VALUES (12, 21);
INSERT INTO AuthUserAddress (idusers, idAddress) VALUES (12, 22);
INSERT INTO AuthUserAddress (idusers, idAddress) VALUES (13, 23);
INSERT INTO AuthUserAddress (idusers, idAddress) VALUES (13, 24);
INSERT INTO AuthUserAddress (idusers, idAddress) VALUES (14, 25);
INSERT INTO AuthUserAddress (idusers, idAddress) VALUES (14, 26);
INSERT INTO AuthUserAddress (idusers, idAddress) VALUES (15, 27);
INSERT INTO AuthUserAddress (idusers, idAddress) VALUES (15, 28);
INSERT INTO AuthUserAddress (idusers, idAddress) VALUES (16, 29);
INSERT INTO AuthUserAddress (idusers, idAddress) VALUES (16, 30);
INSERT INTO AuthUserAddress (idusers, idAddress) VALUES (17, 31);
INSERT INTO AuthUserAddress (idusers, idAddress) VALUES (17, 32);
INSERT INTO AuthUserAddress (idusers, idAddress) VALUES (18, 33);
INSERT INTO AuthUserAddress (idusers, idAddress) VALUES (18, 34);
INSERT INTO AuthUserAddress (idusers, idAddress) VALUES (19, 35);
INSERT INTO AuthUserAddress (idusers, idAddress) VALUES (19, 36);
INSERT INTO AuthUserAddress (idusers, idAddress) VALUES (20, 37);
INSERT INTO AuthUserAddress (idusers, idAddress) VALUES (20, 38);
-- AuthUserAddress end --

-- Order start (38) --
insert into Orders (idAddress, idusers, orderDate, orderState) values (1, 2, '2022-04-05', 'Dispatched');
insert into Orders (idAddress, idusers, orderDate, orderState) values (2, 2, '2022-04-05', 'In process');
insert into Orders (idAddress, idusers, orderDate, orderState) values (3, 3, '2021-12-04', 'Cancelled');
insert into Orders (idAddress, idusers, orderDate, orderState) values (4, 3, '2021-10-10', 'Cancelled');
insert into Orders (idAddress, idusers, orderDate, orderState) values (5, 4, '2022-07-09', 'Dispatched');
insert into Orders (idAddress, idusers, orderDate, orderState) values (6, 4, '2022-05-05', 'Cancelled');
insert into Orders (idAddress, idusers, orderDate, orderState) values (7, 5, '2022-06-22', 'Preparing');
insert into Orders (idAddress, idusers, orderDate, orderState) values (8, 5, '2022-08-09', 'Delivered');
insert into Orders (idAddress, idusers, orderDate, orderState) values (9, 6, '2022-04-11', 'Delivered');
insert into Orders (idAddress, idusers, orderDate, orderState) values (10, 6, '2022-10-08', 'Delivered');
insert into Orders (idAddress, idusers, orderDate, orderState) values (11, 7, '2021-10-28', 'Delivered');
insert into Orders (idAddress, idusers, orderDate, orderState) values (12, 7, '2022-05-19', 'Delivered');
insert into Orders (idAddress, idusers, orderDate, orderState) values (13, 8, '2022-02-13', 'Cancelled');
insert into Orders (idAddress, idusers, orderDate, orderState) values (14, 8, '2022-08-14', 'In process');
insert into Orders (idAddress, idusers, orderDate, orderState) values (15, 9, '2022-02-06', 'Dispatched');
insert into Orders (idAddress, idusers, orderDate, orderState) values (16, 9, '2022-03-06', 'Cancelled');
insert into Orders (idAddress, idusers, orderDate, orderState) values (17, 10, '2022-02-25', 'Dispatched');
insert into Orders (idAddress, idusers, orderDate, orderState) values (18, 10, '2021-10-22', 'Preparing');
insert into Orders (idAddress, idusers, orderDate, orderState) values (19, 11, '2022-02-20', 'Dispatched');
insert into Orders (idAddress, idusers, orderDate, orderState) values (20, 11, '2021-12-19', 'Cancelled');
insert into Orders (idAddress, idusers, orderDate, orderState) values (21, 12, '2022-02-24', 'Preparing');
insert into Orders (idAddress, idusers, orderDate, orderState) values (22, 12, '2021-11-08', 'Delivered');
insert into Orders (idAddress, idusers, orderDate, orderState) values (23, 13, '2022-06-10', 'Delivered');
insert into Orders (idAddress, idusers, orderDate, orderState) values (24, 13, '2022-04-13', 'Delivered');
insert into Orders (idAddress, idusers, orderDate, orderState) values (25, 14, '2022-02-24', 'Preparing');
insert into Orders (idAddress, idusers, orderDate, orderState) values (26, 14, '2022-04-10', 'Preparing');
insert into Orders (idAddress, idusers, orderDate, orderState) values (27, 15, '2022-06-14', 'Preparing');
insert into Orders (idAddress, idusers, orderDate, orderState) values (28, 15, '2022-07-02', 'Dispatched');
insert into Orders (idAddress, idusers, orderDate, orderState) values (29, 16, '2022-06-24', 'Delivered');
insert into Orders (idAddress, idusers, orderDate, orderState) values (30, 16, '2022-01-13', 'In process');
insert into Orders (idAddress, idusers, orderDate, orderState) values (31, 17, '2022-04-29', 'Dispatched');
insert into Orders (idAddress, idusers, orderDate, orderState) values (32, 17, '2022-03-15', 'Preparing');
insert into Orders (idAddress, idusers, orderDate, orderState) values (33, 18, '2022-09-01', 'Cancelled');
insert into Orders (idAddress, idusers, orderDate, orderState) values (34, 18, '2022-08-14', 'Cancelled');
insert into Orders (idAddress, idusers, orderDate, orderState) values (35, 19, '2022-05-13', 'Dispatched');
insert into Orders (idAddress, idusers, orderDate, orderState) values (36, 19, '2022-01-03', 'Preparing');
insert into Orders (idAddress, idusers, orderDate, orderState) values (37, 20, '2022-05-21', 'Delivered');
insert into Orders (idAddress, idusers, orderDate, orderState) values (38, 20, '2021-12-13', 'Preparing');
-- Orders end --


-- ProductOrder start (76) --
insert into ProductOrder (quantity, totalPrice, idProduct, idOrders) values (1, '199.90', 1, 1);
insert into ProductOrder (quantity, totalPrice, idProduct, idOrders) values (1, '259.90', 2, 1);
insert into ProductOrder (quantity, totalPrice, idProduct, idOrders) values (1, '1189.90', 3, 2);
insert into ProductOrder (quantity, totalPrice, idProduct, idOrders) values (1, '1149.90', 4, 2);
insert into ProductOrder (quantity, totalPrice, idProduct, idOrders) values (1, '1899.90', 5, 3);
insert into ProductOrder (quantity, totalPrice, idProduct, idOrders) values (1, '949.90', 6, 3);
insert into ProductOrder (quantity, totalPrice, idProduct, idOrders) values (1, '899.90', 7, 4);
insert into ProductOrder (quantity, totalPrice, idProduct, idOrders) values (1, '449.90', 8, 4);
insert into ProductOrder (quantity, totalPrice, idProduct, idOrders) values (1, '2999.00', 9, 5);
insert into ProductOrder (quantity, totalPrice, idProduct, idOrders) values (1, '379.90', 10, 5);
insert into ProductOrder (quantity, totalPrice, idProduct, idOrders) values (1, '699.90', 11, 6);
insert into ProductOrder (quantity, totalPrice, idProduct, idOrders) values (1, '1189.00', 12, 6);
insert into ProductOrder (quantity, totalPrice, idProduct, idOrders) values (1, '799.90', 13, 7);
insert into ProductOrder (quantity, totalPrice, idProduct, idOrders) values (1, '499.90', 14, 7);
insert into ProductOrder (quantity, totalPrice, idProduct, idOrders) values (1, '399.90', 15, 8);
insert into ProductOrder (quantity, totalPrice, idProduct, idOrders) values (1, '1099.90', 16, 8);
insert into ProductOrder (quantity, totalPrice, idProduct, idOrders) values (1, '1629.90', 17, 9);
insert into ProductOrder (quantity, totalPrice, idProduct, idOrders) values (1, '399.00', 18, 9);
insert into ProductOrder (quantity, totalPrice, idProduct, idOrders) values (1, '149.90', 19, 10);
insert into ProductOrder (quantity, totalPrice, idProduct, idOrders) values (1, '999.90', 20, 10);
insert into ProductOrder (quantity, totalPrice, idProduct, idOrders) values (1, '799.90', 21, 11);
insert into ProductOrder (quantity, totalPrice, idProduct, idOrders) values (1, '699.90', 22, 11);
insert into ProductOrder (quantity, totalPrice, idProduct, idOrders) values (1, '249.90', 23, 12);
insert into ProductOrder (quantity, totalPrice, idProduct, idOrders) values (1, '1799.00', 24, 12);
insert into ProductOrder (quantity, totalPrice, idProduct, idOrders) values (1, '3249.00', 25, 13);
insert into ProductOrder (quantity, totalPrice, idProduct, idOrders) values (1, '2649.00', 26, 13);
insert into ProductOrder (quantity, totalPrice, idProduct, idOrders) values (1, '216.90', 27, 14);
insert into ProductOrder (quantity, totalPrice, idProduct, idOrders) values (1, '7899.90', 28, 14);
insert into ProductOrder (quantity, totalPrice, idProduct, idOrders) values (1, '759.90', 29, 15);
insert into ProductOrder (quantity, totalPrice, idProduct, idOrders) values (1, '709.90', 30, 15);
insert into ProductOrder (quantity, totalPrice, idProduct, idOrders) values (1, '2521.90', 31, 16);
insert into ProductOrder (quantity, totalPrice, idProduct, idOrders) values (1, '69.90', 32, 16);
insert into ProductOrder (quantity, totalPrice, idProduct, idOrders) values (1, '1179.90', 33, 17);
insert into ProductOrder (quantity, totalPrice, idProduct, idOrders) values (1, '5999.90', 34, 17);
insert into ProductOrder (quantity, totalPrice, idProduct, idOrders) values (1, '1049.99', 35, 18);
insert into ProductOrder (quantity, totalPrice, idProduct, idOrders) values (1, '879.90', 36, 18);
insert into ProductOrder (quantity, totalPrice, idProduct, idOrders) values (1, '1699.00', 37, 19);
insert into ProductOrder (quantity, totalPrice, idProduct, idOrders) values (1, '1479.90', 38, 19);
insert into ProductOrder (quantity, totalPrice, idProduct, idOrders) values (1, '1199.00', 39, 20);
insert into ProductOrder (quantity, totalPrice, idProduct, idOrders) values (1, '199.90', 1, 20);
insert into ProductOrder (quantity, totalPrice, idProduct, idOrders) values (1, '259.90', 2, 21);
insert into ProductOrder (quantity, totalPrice, idProduct, idOrders) values (1, '1189.00', 3, 21);
insert into ProductOrder (quantity, totalPrice, idProduct, idOrders) values (1, '1149.90', 4, 22);
insert into ProductOrder (quantity, totalPrice, idProduct, idOrders) values (1, '1899.90', 5, 22);
insert into ProductOrder (quantity, totalPrice, idProduct, idOrders) values (1, '949.90', 6, 23);
insert into ProductOrder (quantity, totalPrice, idProduct, idOrders) values (1, '899.90', 7, 23);
insert into ProductOrder (quantity, totalPrice, idProduct, idOrders) values (1, '449.90', 8, 24);
insert into ProductOrder (quantity, totalPrice, idProduct, idOrders) values (1, '2999.00', 9, 24);
insert into ProductOrder (quantity, totalPrice, idProduct, idOrders) values (1, '379.90', 10, 25);
insert into ProductOrder (quantity, totalPrice, idProduct, idOrders) values (1, '699.90', 11, 25);
insert into ProductOrder (quantity, totalPrice, idProduct, idOrders) values (1, '1189.00', 12, 26);
insert into ProductOrder (quantity, totalPrice, idProduct, idOrders) values (1, '799.90', 13, 26);
insert into ProductOrder (quantity, totalPrice, idProduct, idOrders) values (1, '499.90', 14, 27);
insert into ProductOrder (quantity, totalPrice, idProduct, idOrders) values (1, '399.90', 15, 27);
insert into ProductOrder (quantity, totalPrice, idProduct, idOrders) values (1, '1099.90', 16, 28);
insert into ProductOrder (quantity, totalPrice, idProduct, idOrders) values (1, '1629.00', 17, 28);
insert into ProductOrder (quantity, totalPrice, idProduct, idOrders) values (1, '399.90', 18, 29);
insert into ProductOrder (quantity, totalPrice, idProduct, idOrders) values (1, '149.90', 19, 29);
insert into ProductOrder (quantity, totalPrice, idProduct, idOrders) values (1, '999.90', 20, 30);
insert into ProductOrder (quantity, totalPrice, idProduct, idOrders) values (1, '799.90', 21, 30);
insert into ProductOrder (quantity, totalPrice, idProduct, idOrders) values (1, '699.90', 22, 31);
insert into ProductOrder (quantity, totalPrice, idProduct, idOrders) values (1, '249.90', 23, 31);
insert into ProductOrder (quantity, totalPrice, idProduct, idOrders) values (1, '1799.00', 24, 32);
insert into ProductOrder (quantity, totalPrice, idProduct, idOrders) values (1, '3249.00', 25, 32);
insert into ProductOrder (quantity, totalPrice, idProduct, idOrders) values (1, '2649.00', 26, 33);
insert into ProductOrder (quantity, totalPrice, idProduct, idOrders) values (1, '216.90', 27, 33);
insert into ProductOrder (quantity, totalPrice, idProduct, idOrders) values (1, '7899.90', 28, 34);
insert into ProductOrder (quantity, totalPrice, idProduct, idOrders) values (1, '759.90', 29, 34);
insert into ProductOrder (quantity, totalPrice, idProduct, idOrders) values (1, '709.90', 30, 35);
insert into ProductOrder (quantity, totalPrice, idProduct, idOrders) values (1, '2521.90', 31, 35);
insert into ProductOrder (quantity, totalPrice, idProduct, idOrders) values (1, '69.90', 32, 36);
insert into ProductOrder (quantity, totalPrice, idProduct, idOrders) values (1, '1179.90', 33, 36);
insert into ProductOrder (quantity, totalPrice, idProduct, idOrders) values (1, '5999.90', 34, 37);
insert into ProductOrder (quantity, totalPrice, idProduct, idOrders) values (1, '1049.99', 35, 37);
insert into ProductOrder (quantity, totalPrice, idProduct, idOrders) values (1, '879.90', 36, 38);
insert into ProductOrder (quantity, totalPrice, idProduct, idOrders) values (1, '1699.00', 37, 38);
-- ProductOrder end --

-- Notificatuion start (100) --
insert into Notification (content, notifDate, idusers, idOrders) values ('Your order is being processed!', '2022-04-05', 2, 1);
insert into Notification (content, notifDate, idusers, idOrders) values ('Your order is being prepared!', '2022-04-06', 2, 1);
insert into Notification (content, notifDate, idusers, idOrders) values ('Your order was dispatched!', '2022-04-07', 2, 1);

insert into Notification (content, notifDate, idusers, idOrders) values ('Your order is being processed!', '2021-12-04', 2, 2);

insert into Notification (content, notifDate, idusers, idOrders) values ('Your order is being processed!', '2021-12-04', 3, 3);
insert into Notification (content, notifDate, idusers, idOrders) values ('Your order was cancelled!', '2021-12-05', 3, 3);

insert into Notification (content, notifDate, idusers, idOrders) values ('Your order is being processed!', '2021-10-10', 3, 4);
insert into Notification (content, notifDate, idusers, idOrders) values ('Your order was cancelled!', '2021-10-11', 3, 4);

insert into Notification (content, notifDate, idusers, idOrders) values ('Your order is being processed!', '2022-07-09', 4, 5);
insert into Notification (content, notifDate, idusers, idOrders) values ('Your order is being prepared!', '2022-07-10', 4, 5);
insert into Notification (content, notifDate, idusers, idOrders) values ('Your order was dispatched!', '2022-07-11', 4, 5);

insert into Notification (content, notifDate, idusers, idOrders) values ('Your order is being processed!', '2022-05-05', 4, 6);
insert into Notification (content, notifDate, idusers, idOrders) values ('Your order was cancelled!', '2022-05-06', 4, 6);

insert into Notification (content, notifDate, idusers, idOrders) values ('Your order is being processed!', '2022-06-22', 5, 7);
insert into Notification (content, notifDate, idusers, idOrders) values ('Your order is being prepared!', '2022-06-23', 5, 7);

insert into Notification (content, notifDate, idusers, idOrders) values ('Your order is being processed!', '2022-08-09', 5, 8);
insert into Notification (content, notifDate, idusers, idOrders) values ('Your order is being prepared!', '2022-08-10', 5, 8);
insert into Notification (content, notifDate, idusers, idOrders) values ('Your order was dispatched!', '2022-08-11', 5, 8);
insert into Notification (content, notifDate, idusers, idOrders) values ('Your order was delievered!', '2022-08-12', 5, 8);

insert into Notification (content, notifDate, idusers, idOrders) values ('Your order is being processed!', '2022-04-11', 6, 9);
insert into Notification (content, notifDate, idusers, idOrders) values ('Your order is being prepared!', '2022-04-12', 6, 9);
insert into Notification (content, notifDate, idusers, idOrders) values ('Your order was dispatched!', '2022-04-13', 6, 9);
insert into Notification (content, notifDate, idusers, idOrders) values ('Your order was delievered!', '2022-04-14', 6, 9);

insert into Notification (content, notifDate, idusers, idOrders) values ('Your order is being processed!', '2022-10-08', 6, 10);
insert into Notification (content, notifDate, idusers, idOrders) values ('Your order is being prepared!', '2022-10-09', 6, 10);
insert into Notification (content, notifDate, idusers, idOrders) values ('Your order was dispatched!', '2022-10-10', 6, 10);
insert into Notification (content, notifDate, idusers, idOrders) values ('Your order was delievered!', '2022-10-11', 6, 10);

insert into Notification (content, notifDate, idusers, idOrders) values ('Your order is being processed!', '2021-10-28', 7, 11);
insert into Notification (content, notifDate, idusers, idOrders) values ('Your order is being prepared!', '2021-10-29', 7, 11);
insert into Notification (content, notifDate, idusers, idOrders) values ('Your order was dispatched!', '2021-10-30', 7, 11);
insert into Notification (content, notifDate, idusers, idOrders) values ('Your order was delievered!', '2021-10-31', 7, 11);

insert into Notification (content, notifDate, idusers, idOrders) values ('Your order is being processed!', '2022-05-19', 7, 12);
insert into Notification (content, notifDate, idusers, idOrders) values ('Your order is being prepared!', '2022-05-20', 7, 12);
insert into Notification (content, notifDate, idusers, idOrders) values ('Your order was dispatched!', '2022-05-21', 7, 12);
insert into Notification (content, notifDate, idusers, idOrders) values ('Your order was delievered!', '2022-05-22', 7, 12);

insert into Notification (content, notifDate, idusers, idOrders) values ('Your order is being processed!', '2022-02-13', 8, 13);
insert into Notification (content, notifDate, idusers, idOrders) values ('Your order was cancelled!', '2022-02-14', 8, 13);

insert into Notification (content, notifDate, idusers, idOrders) values ('Your order is being processed!', '2022-08-14', 8, 14);

insert into Notification (content, notifDate, idusers, idOrders) values ('Your order is being processed!', '2022-02-06', 9, 15);
insert into Notification (content, notifDate, idusers, idOrders) values ('Your order is being prepared!', '2022-02-07', 9, 15);
insert into Notification (content, notifDate, idusers, idOrders) values ('Your order was dispatched!', '2022-02-08', 9, 15);

insert into Notification (content, notifDate, idusers, idOrders) values ('Your order is being processed!', '2022-03-06', 9, 16);
insert into Notification (content, notifDate, idusers, idOrders) values ('Your order was cancelled!', '2022-03-07', 9, 16);

insert into Notification (content, notifDate, idusers, idOrders) values ('Your order is being processed!', '2022-02-25', 10, 17);
insert into Notification (content, notifDate, idusers, idOrders) values ('Your order is being prepared!', '2022-02-26', 10, 17);
insert into Notification (content, notifDate, idusers, idOrders) values ('Your order was dispatched!', '2022-02-27', 10, 17);

insert into Notification (content, notifDate, idusers, idOrders) values ('Your order is being processed!', '2021-10-22', 10, 18);
insert into Notification (content, notifDate, idusers, idOrders) values ('Your order is being prepared!', '2021-10-23', 10, 18);

insert into Notification (content, notifDate, idusers, idOrders) values ('Your order is being processed!', '2022-02-20', 11, 19);
insert into Notification (content, notifDate, idusers, idOrders) values ('Your order is being prepared!', '2022-02-21', 11, 19);
insert into Notification (content, notifDate, idusers, idOrders) values ('Your order was dispatched!', '2022-02-22', 11, 19);

insert into Notification (content, notifDate, idusers, idOrders) values ('Your order is being processed!', '2021-12-19', 11, 20);
insert into Notification (content, notifDate, idusers, idOrders) values ('Your order was cancelled!', '2021-12-20', 11, 20);

insert into Notification (content, notifDate, idusers, idOrders) values ('Your order is being processed!', '2022-02-24', 12, 21);
insert into Notification (content, notifDate, idusers, idOrders) values ('Your order is being prepared!', '2022-02-25', 12, 21);

insert into Notification (content, notifDate, idusers, idOrders) values ('Your order is being processed!', '2021-11-08', 12, 22);
insert into Notification (content, notifDate, idusers, idOrders) values ('Your order is being prepared!', '2021-11-09', 12, 22);
insert into Notification (content, notifDate, idusers, idOrders) values ('Your order was dispatched!', '2021-11-10', 12, 22);
insert into Notification (content, notifDate, idusers, idOrders) values ('Your order was delievered!', '2021-11-11', 12, 22);

insert into Notification (content, notifDate, idusers, idOrders) values ('Your order is being processed!', '2022-06-10', 13, 23);
insert into Notification (content, notifDate, idusers, idOrders) values ('Your order is being prepared!', '2022-06-11', 13, 23);
insert into Notification (content, notifDate, idusers, idOrders) values ('Your order was dispatched!', '2022-06-12', 13, 23);
insert into Notification (content, notifDate, idusers, idOrders) values ('Your order was delievered!', '2022-06-13', 13, 23);

insert into Notification (content, notifDate, idusers, idOrders) values ('Your order is being processed!', '2022-04-13', 13, 24);
insert into Notification (content, notifDate, idusers, idOrders) values ('Your order is being prepared!', '2022-04-14', 13, 24);
insert into Notification (content, notifDate, idusers, idOrders) values ('Your order was dispatched!', '2022-04-15', 13, 24);
insert into Notification (content, notifDate, idusers, idOrders) values ('Your order was delievered!', '2022-04-16', 13, 24);

insert into Notification (content, notifDate, idusers, idOrders) values ('Your order is being processed!', '2022-02-24', 14, 25);
insert into Notification (content, notifDate, idusers, idOrders) values ('Your order is being prepared!', '2022-02-25', 14, 25);

insert into Notification (content, notifDate, idusers, idOrders) values ('Your order is being processed!', '2022-04-10', 14, 26);
insert into Notification (content, notifDate, idusers, idOrders) values ('Your order is being prepared!', '2022-04-11', 14, 26);

insert into Notification (content, notifDate, idusers, idOrders) values ('Your order is being processed!', '2022-06-14', 15, 27);
insert into Notification (content, notifDate, idusers, idOrders) values ('Your order is being prepared!', '2022-06-15', 15, 27);

insert into Notification (content, notifDate, idusers, idOrders) values ('Your order is being processed!', '2022-07-02', 15, 28);
insert into Notification (content, notifDate, idusers, idOrders) values ('Your order is being prepared!', '2022-07-03', 15, 28);
insert into Notification (content, notifDate, idusers, idOrders) values ('Your order was dispatched!', '2022-07-04', 15, 28);

insert into Notification (content, notifDate, idusers, idOrders) values ('Your order is being processed!', '2022-06-24', 16, 29);
insert into Notification (content, notifDate, idusers, idOrders) values ('Your order is being prepared!', '2022-06-25', 16, 29);
insert into Notification (content, notifDate, idusers, idOrders) values ('Your order was dispatched!', '2022-06-26', 16, 29);
insert into Notification (content, notifDate, idusers, idOrders) values ('Your order was delievered!', '2022-06-27', 16, 29);

insert into Notification (content, notifDate, idusers, idOrders) values ('Your order is being processed!', '2022-01-13', 16, 30);

insert into Notification (content, notifDate, idusers, idOrders) values ('Your order is being processed!', '2022-04-29', 17, 31);
insert into Notification (content, notifDate, idusers, idOrders) values ('Your order is being prepared!', '2022-04-30', 17, 31);
insert into Notification (content, notifDate, idusers, idOrders) values ('Your order was dispatched!', '2022-05-01', 17, 31);

insert into Notification (content, notifDate, idusers, idOrders) values ('Your order is being processed!', '2022-03-15', 17, 32);
insert into Notification (content, notifDate, idusers, idOrders) values ('Your order is being prepared!', '2022-03-16', 17, 32);

insert into Notification (content, notifDate, idusers, idOrders) values ('Your order is being processed!', '2022-09-01', 18, 33);
insert into Notification (content, notifDate, idusers, idOrders) values ('Your order was cancelled!', '2022-09-02', 18, 33);

insert into Notification (content, notifDate, idusers, idOrders) values ('Your order is being processed!', '2022-08-14', 18, 34);
insert into Notification (content, notifDate, idusers, idOrders) values ('Your order was cancelled!', '2022-08-15', 18, 34);

insert into Notification (content, notifDate, idusers, idOrders) values ('Your order is being processed!', '2022-05-13', 19, 35);
insert into Notification (content, notifDate, idusers, idOrders) values ('Your order is being prepared!', '2022-05-14', 19, 35);
insert into Notification (content, notifDate, idusers, idOrders) values ('Your order was dispatched!', '2022-05-15', 19, 35);

insert into Notification (content, notifDate, idusers, idOrders) values ('Your order is being processed!', '2022-01-03', 19, 36);

insert into Notification (content, notifDate, idusers, idOrders) values ('Your order is being processed!', '2022-05-21', 20, 37);
insert into Notification (content, notifDate, idusers, idOrders) values ('Your order is being prepared!', '2022-05-22', 20, 37);
insert into Notification (content, notifDate, idusers, idOrders) values ('Your order was dispatched!', '2022-05-23', 20, 37);
insert into Notification (content, notifDate, idusers, idOrders) values ('Your order was delievered!', '2022-05-24', 20, 37);

insert into Notification (content, notifDate, idusers, idOrders) values ('Your order is being processed!', '2021-12-13', 20, 38);
insert into Notification (content, notifDate, idusers, idOrders) values ('Your order is being prepared!', '2021-12-14', 20, 38);
-- Notification end --

-- OrderStateHistory start (100) --
insert into OrderStateHistory (idOrders, stateDate, orderState) values (1, '2022-04-05', 'In process');
insert into OrderStateHistory (idOrders, stateDate, orderState) values (1, '2022-04-06', 'Preparing');
insert into OrderStateHistory (idOrders, stateDate, orderState) values (1, '2022-04-07', 'Dispatched');

insert into OrderStateHistory (idOrders, stateDate, orderState) values (2, '2021-12-04', 'In process');

insert into OrderStateHistory (idOrders, stateDate, orderState) values (3, '2021-12-04', 'In process');
insert into OrderStateHistory (idOrders, stateDate, orderState) values (3, '2021-12-05', 'Cancelled');

insert into OrderStateHistory (idOrders, stateDate, orderState) values (4, '2021-10-10', 'In process');
insert into OrderStateHistory (idOrders, stateDate, orderState) values (4, '2021-10-11', 'Cancelled');

insert into OrderStateHistory (idOrders, stateDate, orderState) values (5, '022-07-09', 'In process');
insert into OrderStateHistory (idOrders, stateDate, orderState) values (5, '022-07-10', 'Preparing');
insert into OrderStateHistory (idOrders, stateDate, orderState) values (5, '022-07-11', 'Dispatched');

insert into OrderStateHistory (idOrders, stateDate, orderState) values (6, '2022-05-05', 'In process');
insert into OrderStateHistory (idOrders, stateDate, orderState) values (6, '2022-05-06', 'Cancelled');

insert into OrderStateHistory (idOrders, stateDate, orderState) values (7, '2022-06-22', 'In process');
insert into OrderStateHistory (idOrders, stateDate, orderState) values (7, '2022-06-23', 'Preparing');

insert into OrderStateHistory (idOrders, stateDate, orderState) values (8, '2022-08-09', 'In process');
insert into OrderStateHistory (idOrders, stateDate, orderState) values (8, '2022-08-10', 'Preparing');
insert into OrderStateHistory (idOrders, stateDate, orderState) values (8, '2022-08-11', 'Dispatched');
insert into OrderStateHistory (idOrders, stateDate, orderState) values (8, '2022-08-12', 'Delivered');

insert into OrderStateHistory (idOrders, stateDate, orderState) values (9, '2022-04-11', 'In process');
insert into OrderStateHistory (idOrders, stateDate, orderState) values (9, '2022-04-12', 'Preparing');
insert into OrderStateHistory (idOrders, stateDate, orderState) values (9, '2022-04-13', 'Dispatched');
insert into OrderStateHistory (idOrders, stateDate, orderState) values (9, '2022-04-14', 'Delivered');

insert into OrderStateHistory (idOrders, stateDate, orderState) values (10, '2022-10-08', 'In process');
insert into OrderStateHistory (idOrders, stateDate, orderState) values (10, '2022-10-09', 'Preparing');
insert into OrderStateHistory (idOrders, stateDate, orderState) values (10, '2022-10-10', 'Dispatched');
insert into OrderStateHistory (idOrders, stateDate, orderState) values (10, '2022-10-11', 'Delivered');

insert into OrderStateHistory (idOrders, stateDate, orderState) values (11, '2021-10-28', 'In process');
insert into OrderStateHistory (idOrders, stateDate, orderState) values (11, '2021-10-29', 'Preparing');
insert into OrderStateHistory (idOrders, stateDate, orderState) values (11, '2021-10-30', 'Dispatched');
insert into OrderStateHistory (idOrders, stateDate, orderState) values (11, '2021-10-31', 'Delivered');

insert into OrderStateHistory (idOrders, stateDate, orderState) values (12, '2022-05-19', 'In process');
insert into OrderStateHistory (idOrders, stateDate, orderState) values (12, '2022-05-20', 'Preparing');
insert into OrderStateHistory (idOrders, stateDate, orderState) values (12, '2022-05-21', 'Dispatched');
insert into OrderStateHistory (idOrders, stateDate, orderState) values (12, '2022-05-22', 'Delivered');

insert into OrderStateHistory (idOrders, stateDate, orderState) values (13, '2022-02-13', 'In process');
insert into OrderStateHistory (idOrders, stateDate, orderState) values (13, '2022-02-14', 'Cancelled');

insert into OrderStateHistory (idOrders, stateDate, orderState) values (14, '2022-08-14', 'In process');

insert into OrderStateHistory (idOrders, stateDate, orderState) values (15, '2022-02-06', 'In process');
insert into OrderStateHistory (idOrders, stateDate, orderState) values (15, '2022-02-07', 'Preparing');
insert into OrderStateHistory (idOrders, stateDate, orderState) values (15, '2022-02-08', 'Dispatched');

insert into OrderStateHistory (idOrders, stateDate, orderState) values (16, '22022-03-06', 'In process');
insert into OrderStateHistory (idOrders, stateDate, orderState) values (16, '2022-03-06', 'Cancelled');

insert into OrderStateHistory (idOrders, stateDate, orderState) values (17, '2022-02-25', 'In process');
insert into OrderStateHistory (idOrders, stateDate, orderState) values (17, '2022-02-26', 'Preparing');
insert into OrderStateHistory (idOrders, stateDate, orderState) values (17, '2022-02-27', 'Dispatched');

insert into OrderStateHistory (idOrders, stateDate, orderState) values (18, '2021-10-22', 'In process');
insert into OrderStateHistory (idOrders, stateDate, orderState) values (18, '2021-10-23', 'Preparing');

insert into OrderStateHistory (idOrders, stateDate, orderState) values (19, '2022-02-20', 'In process');
insert into OrderStateHistory (idOrders, stateDate, orderState) values (19, '2022-02-21', 'Preparing');
insert into OrderStateHistory (idOrders, stateDate, orderState) values (19, '2022-02-22', 'Dispatched');

insert into OrderStateHistory (idOrders, stateDate, orderState) values (20, '2021-12-19', 'In process');
insert into OrderStateHistory (idOrders, stateDate, orderState) values (20, '2021-12-20', 'Cancelled');

insert into OrderStateHistory (idOrders, stateDate, orderState) values (21, '2022-02-24', 'In process');
insert into OrderStateHistory (idOrders, stateDate, orderState) values (21, '2022-02-25', 'Preparing');

insert into OrderStateHistory (idOrders, stateDate, orderState) values (22, '2021-11-08', 'In process');
insert into OrderStateHistory (idOrders, stateDate, orderState) values (22, '2021-11-09', 'Preparing');
insert into OrderStateHistory (idOrders, stateDate, orderState) values (22, '2021-11-10', 'Dispatched');
insert into OrderStateHistory (idOrders, stateDate, orderState) values (22, '2021-11-11', 'Delivered');

insert into OrderStateHistory (idOrders, stateDate, orderState) values (23, '2022-06-10', 'In process');
insert into OrderStateHistory (idOrders, stateDate, orderState) values (23, '2022-06-11', 'Preparing');
insert into OrderStateHistory (idOrders, stateDate, orderState) values (23, '2022-06-12', 'Dispatched');
insert into OrderStateHistory (idOrders, stateDate, orderState) values (23, '2022-06-13', 'Delivered');

insert into OrderStateHistory (idOrders, stateDate, orderState) values (24, '2022-04-13', 'In process');
insert into OrderStateHistory (idOrders, stateDate, orderState) values (24, '2022-04-14', 'Preparing');
insert into OrderStateHistory (idOrders, stateDate, orderState) values (24, '2022-04-15', 'Dispatched');
insert into OrderStateHistory (idOrders, stateDate, orderState) values (24, '2022-04-16', 'Delivered');

insert into OrderStateHistory (idOrders, stateDate, orderState) values (25, '2022-02-24', 'In process');
insert into OrderStateHistory (idOrders, stateDate, orderState) values (25, '2022-02-25', 'Preparing');

insert into OrderStateHistory (idOrders, stateDate, orderState) values (26, '2022-04-10', 'In process');
insert into OrderStateHistory (idOrders, stateDate, orderState) values (26, '2022-04-11', 'Preparing');

insert into OrderStateHistory (idOrders, stateDate, orderState) values (27, '2022-06-14', 'In process');
insert into OrderStateHistory (idOrders, stateDate, orderState) values (27, '2022-06-15', 'Preparing');

insert into OrderStateHistory (idOrders, stateDate, orderState) values (28, '2022-07-02', 'In process');
insert into OrderStateHistory (idOrders, stateDate, orderState) values (28, '2022-07-03', 'Preparing');
insert into OrderStateHistory (idOrders, stateDate, orderState) values (28, '2022-07-04', 'Dispatched');

insert into OrderStateHistory (idOrders, stateDate, orderState) values (29, '2022-06-24', 'In process');
insert into OrderStateHistory (idOrders, stateDate, orderState) values (29, '2022-06-25', 'Preparing');
insert into OrderStateHistory (idOrders, stateDate, orderState) values (29, '2022-06-26', 'Dispatched');
insert into OrderStateHistory (idOrders, stateDate, orderState) values (29, '2022-06-27', 'Delivered');

insert into OrderStateHistory (idOrders, stateDate, orderState) values (30, '2022-01-13', 'In process');

insert into OrderStateHistory (idOrders, stateDate, orderState) values (31, '2022-04-29', 'In process');
insert into OrderStateHistory (idOrders, stateDate, orderState) values (31, '2022-04-30', 'Preparing');
insert into OrderStateHistory (idOrders, stateDate, orderState) values (31, '2022-05-01', 'Dispatched');

insert into OrderStateHistory (idOrders, stateDate, orderState) values (32, '2022-03-15', 'In process');
insert into OrderStateHistory (idOrders, stateDate, orderState) values (32, '2022-03-16', 'Preparing');

insert into OrderStateHistory (idOrders, stateDate, orderState) values (33, '2022-09-01', 'In process');
insert into OrderStateHistory (idOrders, stateDate, orderState) values (33, '2022-09-02', 'Cancelled');

insert into OrderStateHistory (idOrders, stateDate, orderState) values (34, '2022-08-14', 'In process');
insert into OrderStateHistory (idOrders, stateDate, orderState) values (34, '2022-08-15', 'Cancelled');

insert into OrderStateHistory (idOrders, stateDate, orderState) values (35, '2022-05-13', 'In process');
insert into OrderStateHistory (idOrders, stateDate, orderState) values (35, '2022-05-14', 'Preparing');
insert into OrderStateHistory (idOrders, stateDate, orderState) values (35, '2022-05-15', 'Dispatched');

insert into OrderStateHistory (idOrders, stateDate, orderState) values (36, '2022-01-03', 'In process');

insert into OrderStateHistory (idOrders, stateDate, orderState) values (37, '2022-05-21', 'In process');
insert into OrderStateHistory (idOrders, stateDate, orderState) values (37, '2022-05-22', 'Preparing');
insert into OrderStateHistory (idOrders, stateDate, orderState) values (37, '2022-05-23', 'Dispatched');
insert into OrderStateHistory (idOrders, stateDate, orderState) values (37, '2022-05-24', 'Delivered');

insert into OrderStateHistory (idOrders, stateDate, orderState) values (38, '2021-12-13', 'In process');
insert into OrderStateHistory (idOrders, stateDate, orderState) values (38, '2021-12-14', 'Preparing');
-- OrderStateHistory end --

-- ShopCart start (28) --
insert into ShopCart (quantity, idProduct, idusers) values (7, 1, 2);
insert into ShopCart (quantity, idProduct, idusers) values (7, 2, 2);
insert into ShopCart (quantity, idProduct, idusers) values (10, 3, 3);
insert into ShopCart (quantity, idProduct, idusers) values (10, 4, 3);
insert into ShopCart (quantity, idProduct, idusers) values (8, 5, 4);
insert into ShopCart (quantity, idProduct, idusers) values (8, 6, 4);
insert into ShopCart (quantity, idProduct, idusers) values (8, 7, 5);
insert into ShopCart (quantity, idProduct, idusers) values (8, 8, 5);
insert into ShopCart (quantity, idProduct, idusers) values (8, 9, 6);
insert into ShopCart (quantity, idProduct, idusers) values (8, 10, 6);
insert into ShopCart (quantity, idProduct, idusers) values (8, 11, 7);
insert into ShopCart (quantity, idProduct, idusers) values (8, 12, 7);
insert into ShopCart (quantity, idProduct, idusers) values (8, 13, 8);
insert into ShopCart (quantity, idProduct, idusers) values (8, 14, 8);
insert into ShopCart (quantity, idProduct, idusers) values (8, 15, 9);
insert into ShopCart (quantity, idProduct, idusers) values (8, 16, 9);
insert into ShopCart (quantity, idProduct, idusers) values (8, 17, 10);
insert into ShopCart (quantity, idProduct, idusers) values (8, 18, 10);
insert into ShopCart (quantity, idProduct, idusers) values (8, 19, 11);
insert into ShopCart (quantity, idProduct, idusers) values (8, 20, 11);
insert into ShopCart (quantity, idProduct, idusers) values (8, 21, 12);
insert into ShopCart (quantity, idProduct, idusers) values (8, 22, 12);
insert into ShopCart (quantity, idProduct, idusers) values (8, 23, 13);
insert into ShopCart (quantity, idProduct, idusers) values (8, 23, 13);
insert into ShopCart (quantity, idProduct, idusers) values (8, 24, 14);
insert into ShopCart (quantity, idProduct, idusers) values (8, 25, 14);
insert into ShopCart (quantity, idProduct, idusers) values (8, 26, 15);
insert into ShopCart (quantity, idProduct, idusers) values (8, 27, 15);
-- ShopCart end --

-- Wishlist start (22) --
insert into Wishlist(idProduct, idusers) values (40, 2);
insert into Wishlist(idProduct, idusers) values (39, 2);
insert into Wishlist(idProduct, idusers) values (38, 11);
insert into Wishlist(idProduct, idusers) values (37, 11);
insert into Wishlist(idProduct, idusers) values (36, 12);
insert into Wishlist(idProduct, idusers) values (34, 12);
insert into Wishlist(idProduct, idusers) values (33, 13);
insert into Wishlist(idProduct, idusers) values (32, 13);
insert into Wishlist(idProduct, idusers) values (31, 14);
insert into Wishlist(idProduct, idusers) values (30, 14);
insert into Wishlist(idProduct, idusers) values (29, 15);
insert into Wishlist(idProduct, idusers) values (28, 15);
insert into Wishlist(idProduct, idusers) values (27, 16);
insert into Wishlist(idProduct, idusers) values (26, 16);
insert into Wishlist(idProduct, idusers) values (25, 17);
insert into Wishlist(idProduct, idusers) values (24, 17);
insert into Wishlist(idProduct, idusers) values (23, 18);
insert into Wishlist(idProduct, idusers) values (22, 18);
insert into Wishlist(idProduct, idusers) values (21, 19);
insert into Wishlist(idProduct, idusers) values (20, 19);
insert into Wishlist(idProduct, idusers) values (19, 20);
insert into Wishlist(idProduct, idusers) values (18, 20);
-- Wishlist end --

-- Review start --
insert into Review (idusers, idProduct, reviewDate, content, rating) values (5, 15, '2022-08-13', 'suspendisse potenti in eleifend quam a odio in hac habitasse platea dictumst maecenas ut massa quis augue luctus tincidunt nulla mollis molestie lorem', 2);
insert into Review (idusers, idProduct, reviewDate, content, rating) values (6, 17, '2022-04-15', 'suspendisse potenti in eleifend quam a odio in hac habitasse platea dictumst maecenas ut massa quis augue luctus tincidunt nulla mollis molestie lorem', 3);
insert into Review (idusers, idProduct, reviewDate, content, rating) values (6, 19, '2022-10-12', 'suspendisse potenti in eleifend quam a odio in hac habitasse platea dictumst maecenas ut massa quis augue luctus tincidunt nulla mollis molestie lorem', 4);
insert into Review (idusers, idProduct, reviewDate, content, rating) values (7, 21, '2021-11-01', 'suspendisse potenti in eleifend quam a odio in hac habitasse platea dictumst maecenas ut massa quis augue luctus tincidunt nulla mollis molestie lorem', 5);
insert into Review (idusers, idProduct, reviewDate, content, rating) values (7, 23, '2022-05-23', 'suspendisse potenti in eleifend quam a odio in hac habitasse platea dictumst maecenas ut massa quis augue luctus tincidunt nulla mollis molestie lorem', 2);
insert into Review (idusers, idProduct, reviewDate, content, rating) values (12, 4, '2022-05-23', 'suspendisse potenti in eleifend quam a odio in hac habitasse platea dictumst maecenas ut massa quis augue luctus tincidunt nulla mollis molestie lorem', 3);
insert into Review (idusers, idProduct, reviewDate, content, rating) values (13, 6, '2022-06-14', 'suspendisse potenti in eleifend quam a odio in hac habitasse platea dictumst maecenas ut massa quis augue luctus tincidunt nulla mollis molestie lorem', 4);
insert into Review (idusers, idProduct, reviewDate, content, rating) values (13, 8, '2022-04-17', 'suspendisse potenti in eleifend quam a odio in hac habitasse platea dictumst maecenas ut massa quis augue luctus tincidunt nulla mollis molestie lorem', 5);
insert into Review (idusers, idProduct, reviewDate, content, rating) values (16, 18, '2022-06-28', 'suspendisse potenti in eleifend quam a odio in hac habitasse platea dictumst maecenas ut massa quis augue luctus tincidunt nulla mollis molestie lorem', 5);
insert into Review (idusers, idProduct, reviewDate, content, rating) values (20, 34, '2022-05-25', 'suspendisse potenti in eleifend quam a odio in hac habitasse platea dictumst maecenas ut massa quis augue luctus tincidunt nulla mollis molestie lorem', 5);
-- Review end --

-- FAQ start -- 
insert into FAQ (question, answer) values ('commodo vulputate justo in blandit?', 'donec pharetra magna vestibulum aliquet ultrices erat tortor sollicitudin mi sit amet lobortis sapien sapien non');
insert into FAQ (question, answer) values ('orci vehicula condimentum curabitur in libero ut?', 'et ultrices posuere cubilia curae duis faucibus accumsan odio curabitur');
insert into FAQ (question, answer) values ('eget eleifend luctus ultricies eu nibh quisque id justo sit amet sapien dignissim vestibulum vestibulum ante ipsum primis?', 'eget tincidunt eget tempus vel pede morbi porttitor lorem id ligula suspendisse ornare consequat lectus in');
insert into FAQ (question, answer) values ('sapien a libero nam dui proin leo odio porttitor id consequat in consequat ut nulla?', 'odio elementum eu interdum eu tincidunt in leo maecenas pulvinar lobortis');
insert into FAQ (question, answer) values ('iaculis diam erat fermentum justo nec condimentum?', 'dis parturient montes nascetur ridiculus mus etiam vel augue vestibulum rutrum rutrum neque aenean');
insert into FAQ (question, answer) values ('vulputate elementum nullam varius nulla facilisi cras non velit nec nisi vulputate nonummy maecenas tincidunt?', 'in faucibus orci luctus et ultrices posuere cubilia curae nulla dapibus dolor vel est donec odio justo sollicitudin ut');
insert into FAQ (question, answer) values ('dictumst maecenas ut massa quis augue luctus tincidunt nulla mollis?', 'suspendisse accumsan tortor quis turpis sed ante vivamus tortor duis mattis egestas metus aenean fermentum donec ut mauris eget massa');
insert into FAQ (question, answer) values ('tristique est et tempus semper est quam pharetra magna?', 'maecenas leo odio condimentum id luctus nec molestie sed justo pellentesque viverra');
insert into FAQ (question, answer) values ('curabitur at ipsum ac tellus semper interdum mauris?', 'nulla facilisi cras non velit nec nisi vulputate nonummy maecenas tincidunt lacus at velit vivamus vel nulla eget eros');
insert into FAQ (question, answer) values ('penatibus et magnis dis parturient montes nascetur ridiculus mus etiam vel augue vestibulum rutrum rutrum neque?', 'mauris morbi non lectus aliquam sit amet diam in magna bibendum imperdiet');
insert into FAQ (question, answer) values ('mi in porttitor pede justo eu massa donec dapibus duis at velit eu est?', 'in leo maecenas pulvinar lobortis est phasellus sit amet erat nulla tempus vivamus in felis eu sapien cursus');
insert into FAQ (question, answer) values ('fusce lacus purus aliquet at feugiat non pretium quis lectus suspendisse potenti in eleifend quam a odio in hac?', 'blandit lacinia erat vestibulum sed magna at nunc commodo placerat praesent blandit nam nulla integer pede justo');
insert into FAQ (question, answer) values ('lorem quisque ut erat curabitur gravida nisi at nibh in hac habitasse platea dictumst aliquam augue quam sollicitudin vitae?', 'fusce posuere felis sed lacus morbi sem mauris laoreet ut rhoncus');
insert into FAQ (question, answer) values ('massa id lobortis convallis tortor risus dapibus augue vel?', 'eget eros elementum pellentesque quisque porta volutpat erat quisque erat eros viverra eget congue eget semper rutrum nulla nunc purus');
insert into FAQ (question, answer) values ('pede venenatis non sodales sed tincidunt eu felis fusce?', 'tortor risus dapibus augue vel accumsan tellus nisi eu orci mauris lacinia sapien quis libero nullam sit');
insert into FAQ (question, answer) values ('maecenas ut massa quis augue?', 'lacus purus aliquet at feugiat non pretium quis lectus suspendisse potenti in eleifend quam a odio in hac habitasse platea');
insert into FAQ (question, answer) values ('ac consequat metus sapien ut nunc vestibulum ante ipsum primis in faucibus?', 'est lacinia nisi venenatis tristique fusce congue diam id ornare imperdiet sapien urna pretium nisl ut volutpat');
insert into FAQ (question, answer) values ('ac leo pellentesque ultrices mattis odio donec vitae nisi nam?', 'vestibulum ante ipsum primis in faucibus orci luctus et ultrices posuere cubilia curae donec');
insert into FAQ (question, answer) values ('integer ac neque duis bibendum morbi?', 'congue eget semper rutrum nulla nunc purus phasellus in felis donec semper sapien a libero nam dui proin leo odio');
insert into FAQ (question, answer) values ('ridiculus mus vivamus vestibulum sagittis sapien cum sociis natoque penatibus et magnis dis parturient montes nascetur?', 'sit amet sapien dignissim vestibulum vestibulum ante ipsum primis in faucibus orci luctus et ultrices posuere cubilia curae');
insert into FAQ (question, answer) values ('mauris viverra diam vitae quam suspendisse potenti nullam porttitor lacus at turpis donec posuere metus?', 'faucibus orci luctus et ultrices posuere cubilia curae duis faucibus accumsan odio curabitur convallis duis consequat dui');
-- FAQ end --